Supplier Name,Address,Mobile No,Email
ABBAS GLASS INDUSTRY LLC,20240201 | ABBAS GLASS INDUSTRY LLC | Dubai | UAE,,
ABHA Garage,20240201 | ABHA Garage | Dubai | UAE,,
Aboras Group,20240201 | Aboras Group | Dubai | UAE,,
AD Aiprort,20240201 | AD Aiprort | Dubai | UAE,,
Adel Almulla Car Accessories,20240201 | Adel Almulla Car Accessories | Dubai | UAE,,
ADHWA,20240201 | ADHWA | Dubai | UAE,,
Adhwa Al Mdinah Documents Typing & Copyings,20240201 | Adhwa Al Mdinah Documents Typing & Copyings | Dubai | UAE,,
Admiral Tech Hardware Trading,20240201 | 65021 | Admiral Tech Hardware Trading | Dubai | UAE,,
ADNOC,20240201 | ADNOC | Dubai | UAE,,
Advance General Trading Co.LLC,Dubai,,
Ahmed Mohd.Ghanim Building Materials LLC,20240201 | Ahmed Mohd.Ghanim Building Materials LLC | Dubai | UAE,,
Ahmed Sultana Trucks Reparing,20240201 | Ahmed Sultana Trucks Reparing | Dubai | UAE,,
Aikah For General Trading LLC,20240201 | Aikah For General Trading LLC | Dubai | UAE,,
Air Master Equipments Emirates LLC,Tel: +971 67436900 / 7439600,,
Akkad Pest Control Services,20240201 | Akkad Pest Control Services | Dubai | UAE,,
Al Azeemah Trading LLC,00971 4 347 1431,,
Al Azhar Paints Trading LLC,Mob : +971 050-6579563,,
AL Azrar Building Materials Trading LLC,20240201 | AL Azrar Building Materials Trading LLC | Dubai | UAE,,
Al Bahar Carpets And Curtains TR,E-Mail: Acccounts@Albaharcurtains.Com,,Acccounts@Albaharcurtains.Com
Al Balagh Parking,20240201 | Al Balagh Parking | Dubai | UAE,,
Al Baraha Furniture Co LLC,20240201 | Al Baraha Furniture Co LLC | Dubai | UAE,,
Al Barakah Auto Spare Parts Trading LLC,052 495 9403,,
Al Barakah Carwash,20240101 | Al Barakah Carwash | Dubai | UAE,,
Al Baz Refrigeration Spare Parts Est.,"Tel: 065323358, 065334549",,
Al Danube Building Materials Trading Co LLC,20240201 | Al Danube Building Materials Trading Co LLC | Dubai | UAE,,
Al Dereya Scaffolding Trading LLC,20240201 | Al Dereya Scaffolding Trading LLC | Ajman | UAE,,
Al Diyafa A/C Repairing,20240201 | Al Diyafa A/C Repairing | Dubai | UAE,,
Al Ertqaa Car Park Rental,20240201 | Al Ertqaa Car Park Rental | Dubai | UAE,,
Al Furjan Star Building & Construction Materials,Al Furjan Area Murano Residency 03,,
Al Futtaim Motors,20240201 | Al Futtaim Motors | Dubai | UAE,,
Al Futtaim Trading Co LLC,20240201 | Al Futtaim Trading Co LLC | Dubai | UAE,,
Al Ishraq Turning Workshop,Industrail Area Umm Al Quwain,,
Al Jafliyah Gas Distribution LLC,Mob : 0556642522,556642522,
Al Jawdah Environmental Services LLC,20240201 | 111085 | Al Jawdah Environmental Services LLC | Dubai | UAE,,
Al Jessour Building Material Trading LLC,Tel 067415575,,
Al Kassar Trading Co LLC,20240201 | Al Kassar Trading Co LLC | Dubai | UAE,,
Al Khazana Car Park Rental LLC,20240201 | Al Khazana Car Park Rental LLC | Dubai | UAE,,
Al Khyar Al Afdal Supermarket & Mill,Madhha Murabhah,,
Al Madina Hyper Studio,20240201 | Al Madina Hyper Studio | Dubai | UAE,,
Al Madwi,9710582891873,582891873,
Al Mamun Metalic Coating Steel FAbrication LLC,20240201 | Al Mamun Metalic Coating Steel FAbrication LLC | Dubai | UAE,,
Al Manara Star Grocery,20240201 | Al Manara Star Grocery | Dubai | UAE,,
Al Mas,20240201 | Al Mas | Dubai | UAE,,
Al Meena Water Pumps Rep & Fix/W/Shop,20240201 | Al Meena Water Pumps Rep & Fix/W/Shop | Dubai | UAE,,
Al Milad Building Materialing Trading LLC,20240201 | Al Milad Building Materialing Trading LLC | Dubai | UAE,,
Al Muheet Al Thahabi Car Services,20240201 | Al Muheet Al Thahabi Car Services | Dubai | UAE,,
Al Mutakamela Vechicles Testings and Registration L,20240201 | Al Mutakamela Vechicles Testings and Registration L | Dubai | UAE,,
Al Mutaqdm Parking Car Washing,20240201 | Al Mutaqdm Parking Car Washing | Dubai | UAE,,
Al Mutatawer Auto Spare Parts,Umm Al Quwain,,
Al Naeem Auto Spare Parts Trading LLC,20240201 | Al Naeem Auto Spare Parts Trading LLC | Dubai | UAE,,
Al Najah Grocery Co.,04-3215190,,
AL Najma Al Fedhi  Locks & Watches Repairing,20240201 | AL Najma Al Fedhi  Locks & Watches Repairing | Dubai | UAE,,
Al Namariq Building Material Trading Company Limite,20240201 | Al Namariq Building Material Trading Company Limite | Dubai | UAE,,
Al Namariq Building Material Trading Company LLC,20240201 | Al Namariq Building Material Trading Company LLC | Dubai | UAE,,
Al Naseer Valley,"Ind . Area 3, Al Qouz Mall",,
Al Nibras Al Abyadh Bldg. Mat. Tr. LLC,20240201 | Al Nibras Al Abyadh Bldg. Mat. Tr. LLC | Dubai | UAE,,
Al Obaid Salmeen Watches & Shoe Reparing,20240201 | Al Obaid Salmeen Watches & Shoe Reparing | Dubai | UAE,,
Al Qarqa Elect & Motor Turning,20240201 | Al Qarqa Elect & Motor Turning | Dubai | UAE,,
Al Quoz Building Material Trading LLC,20240201 | Al Quoz Building Material Trading LLC | Dubai | UAE,,
Al Quoz Dhahabi Car Accessories Tyres Trading,20240201 | Al Quoz Dhahabi Car Accessories Tyres Trading | Dubai | UAE,,
Al Quoz View Restaurant & Cafeteria,20240201 | Al Quoz View Restaurant & Cafeteria | Dubai | UAE,,
Al Rahma and Tines Group FZCO,20240201 | Al Rahma and Tines Group FZCO | Dubai | UAE,,
Al Revera Auto Rep. Work Shop,20240201 | Al Revera Auto Rep. Work Shop | Dubai | UAE,,
Al Sad Al Jadid Building Mat. LLC,20240201 | Al Sad Al Jadid Building Mat. LLC | Dubai | UAE,,
Al Sad Building Mat. LLC,20240201 | Al Sad Building Mat. LLC | Dubai | UAE,,
Al Sahab Building Mat.Tr.,Tel.065338751,,
Al Sanam Bakery,20240201 | Al Sanam Bakery | Dubai | UAE,,
Al Shabib Trading LLC,20240201 | Al Shabib Trading LLC | Dubai | UAE,,
Al Shahouf Auto Rep W.Shop,20240201 | Al Shahouf Auto Rep W.Shop | Dubai | UAE,,
AL Shamsi MEP,20240201 | AL Shamsi MEP | Dubai | UAE,,
Al Shuaa Hydralic Pipes Tr. LLC,E-Mail: Alshuaaptr@gmail.Com,,Alshuaaptr@gmail.Com
Al Sousi Trading Co LLC,20240201 | Al Sousi Trading Co LLC | Dubai | UAE,,
Al Tanoof Electricals LLC,20240201 | Al Tanoof Electricals LLC | Dubai | UAE,,
AL Taqwa Ware Tr. LLC,20240201 | AL Taqwa Ware Tr. LLC | Sharjah | UAE,,
Al Tower Used Furniture Trading,Al Khaja Bldg Shop No:3 Near by Iranian School,,
Al Waha Hygiene,20240201 | Al Waha Hygiene | Dubai | UAE,,
Al Wasel Fire Fighting LLC,Tel 043370027,,
Al Wifaq General Trading LLC,20240201 | Al Wifaq General Trading LLC | Dubai | UAE,,
Alasayel Traditional Kitchen & Restaurant LLC,20240201 | Alasayel Traditional Kitchen & Restaurant LLC | Dubai | UAE,,
Ali Baba Grage,20240201 | Ali Baba Grage | Dubai | UAE,,
Ali Mohammed Hashem Grocery,20240201 | Ali Mohammed Hashem Grocery | Dubai | UAE,,
Ali Obaid Salmeen Watches & Shoe Reparings,20240201 | Ali Obaid Salmeen Watches & Shoe Reparings | Dubai | UAE,,
Alif Albalagh Cleaning & Polishing Cars LLC,20240201 | Alif Albalagh Cleaning & Polishing Cars LLC | Dubai | UAE,,
Alif Tools & Hardware Trading,20240201 | Alif Tools & Hardware Trading | Dubai | UAE,,
All Day Retall,"Al Khayay Street , Marsa Dubai",,
Altamiz Waste Collecton & Transportation Services L,20240201 | Altamiz Waste Collecton & Transportation Services L | Dubai | UAE,,
Alzan Building Materials Trading LLC,20240201 | Alzan Building Materials Trading LLC | Dubai | UAE,,
Amazon Car Park Rental,Opposite to Near Liwana Hotel,,
AMMA'S RESTURANT LLC,Al Qouz- 4 - Dubai,,
ANBI Air Condition Trading LLC,20240201 | ANBI Air Condition Trading LLC | Dubai | UAE,,
Anchor Allied Factory LLC,20240201 | Anchor Allied Factory LLC | Dubai | UAE,,
Aqua Zone LLC,Umm Suqeim Street,,
Arabian Sand Washing LLC,971549932742,,
ARJ Auto Lube Center,20240201 | ARJ Auto Lube Center | Dubai | UAE,,
Arus Al Madina Restaurant,20240201 | Arus Al Madina Restaurant | Dubai | UAE,,
Astral Technical Services LLC,20240201 | Astral Technical Services LLC | Dubai | UAE,,
Astralux Pools LLC,97144309449,,
ATE International Building Materials LLC,20240201 | ATE International Building Materials LLC | Dubai | UAE,,
Athmer Middle East BMT LLC,20240201 | Athmer Middle East BMT LLC | Dubai | UAE,,
Auto Lighting Trdg LLC,20240201 | Auto Lighting Trdg LLC | Dubai | UAE,,
Auto Pro,43306895,,
Auto Pro Car Care Professionals,Al Khail Mall Dubai,,
Automo Choice of Quality,Tel.043232181,,
Ayhaco Group,20240201 | Ayhaco Group | Dubai | UAE,,
Azam DArbar Cafeterar,20240201 | Azam DArbar Cafeterar | Dubai | UAE,,
Azhar Boom Boom,20240201 | Azhar Boom Boom | Dubai | UAE,,
Bab Al Khail Tyre Fitting & Repairing,Al Qouz,,
Bab Al Safa Accessories And Upholistery Co.LLC,"Shop 20, Near Al Khail Mall Al Qouz",,
Bab Khaiber Auto Spare Parts TR LLC,20240201 | Bab Khaiber Auto Spare Parts TR LLC | Dubai | UAE,,
Bahwalpur Water Transport LLC,20240201 | Bahwalpur Water Transport LLC | Dubai | UAE,,
Bakht Pur Used Auto Spares Parts TR,20240201 | Bakht Pur Used Auto Spares Parts TR | Sharjah | UAE,,
Baniyas Building Materials Co LLC,E-Mail :Salesuae@bbmcgroup.Com,,Salesuae@bbmcgroup.Com
Bashaire Restaurant,Wadi Al - Daftah - Masafi,,
Batteryman Mobile Auto Repair Services LLC,"Al Qouz 4,Dubai Uae",,
Beta Industrail LLC,Ras Al Khor Ind. Area 2,,
Betalink Instrument & Calib. Serv. LLC,20240201 | Betalink Instrument & Calib. Serv. LLC | Dubai | UAE,,
Better Life,20240201 | Better Life | Dubai | UAE,,
Bianca & Bianco Building Materials Trading LLC,20240201 | Bianca & Bianco Building Materials Trading LLC | Dubai | UAE,,
Bid City Auto Services CO LLC,20240201 | Bid City Auto Services CO LLC | Dubai | UAE,,
Biknervala Restaurant Branch,20240201 | Biknervala Restaurant Branch | Dubai | UAE,,
Bilawal Baloch EQip Rental LLC,20240201 | Bilawal Baloch EQip Rental LLC | Dubai | UAE,,
Bin Abid restaurant,20240201 | Bin Abid restaurant | Dubai | UAE,,
Bin Jameel Building & Construction Material Trading,Mobile No: +971 054 4362960,,
Blu Intelligent Soloution General Trading LLC,20240201 | Blu Intelligent Soloution General Trading LLC | Dubai | UAE,,
BMC Service Center,20240201 | BMC Service Center | Dubai | UAE,,
BNT Air Conditioning Systems LLC,Deira,,
Build Zone Building Materials,20240201 | Build Zone Building Materials | Dubai | UAE,,
Builtech Trading LLC,20240201 | Builtech Trading LLC | Dubai | UAE,,
Burj Steel Works LLC,Mob. 042210008,,
BURKAN BUILDING MATERIALS TRDG.LLC,"Asayel Road,Al Qouz Ind 3",,
Bustan Al Arab Metal Works,971521254876,,
CAfu Petroleum Transport LLC,20240201 | CAfu Petroleum Transport LLC | Dubai | UAE,,
Cannelle Trading LLC,20240201 | Cannelle Trading LLC | Dubai | UAE,,
Canvas General Trading LLC,Al Qouz Ind 3,,
Car Park Rental LLC,20240201 | Car Park Rental LLC | Dubai | UAE,,
Century Mechanical System Factory LLC,20240201 | Century Mechanical System Factory LLC | Dubai | UAE,,
Chabros Timber Trding LLC,20240201 | Chabros Timber Trding LLC | Dubai | UAE,,
Citi Plus General Trading LLC,20240201 | Citi Plus General Trading LLC | Dubai | UAE,,
City Land Transport,20240101 | 85147 | City Land Transport | Dubai | UAE,,
City Point Gen. Trading LLC,20240201 | City Point Gen. Trading LLC | Dubai | UAE,,
Clean Car,20240201 | Clean Car | Dubai | UAE,,
Cleanline,20240201 | Cleanline | Dubai | UAE,,
Conmix Ltd,20240201 | Conmix Ltd | Dubai | UAE,,
Consort Middle East LLC,20240201 | Consort Middle East LLC | Dubai | UAE,,
Crown Pump Industry LLC,20240201 | Crown Pump Industry LLC | Dubai | UAE,,
Culligan International Emirates LLC,20240201 | Culligan International Emirates LLC | Dubai | UAE,,
Danube Homes,20240201 | Danube Homes | Dubai | UAE,,
Dar Al Almas W.Shops Tools Maint,"Mob.0559898493 , 0553735007",559898493,
Dar Al Khair Kitchen,20240201 | Dar Al Khair Kitchen | Dubai | UAE,,
Dar Al Khaleej Auto Services,20240101 | 15171 | Dar Al Khaleej Auto Services | Dubai | UAE,,
Dar Al Wafa Building Materials LLC,20240201 | Dar Al Wafa Building Materials LLC | Dubai | UAE,,
Dar Darbar Restaurant,20240201 | Dar Darbar Restaurant | Dubai | UAE,,
Day to Day,20240201 | Day to Day | Dubai | UAE,,
Deans Life Pharmacy L.L.C,20240201 | Deans Life Pharmacy L.L.C | Dubai | UAE,,
DEWA Payable,20240201 | DEWA Payable | Dubai | UAE,,
Dinesh Aidasani General Trading LLC,Al-Qouz-4,,
Dr. Sanjay Medical Center,"Al Khail Mall, 2nd Floor",,
Dream Planet Trading LLC,20240201 | Dream Planet Trading LLC | Dubai | UAE,,
Dream Wood Laminates Building Materials TR LLC,20240201 | Dream Wood Laminates Building Materials TR LLC | Dubai | UAE,,
Dubai Adhesive Material Factory LLC,20240201 | Dubai Adhesive Material Factory LLC | Dubai | UAE,,
Dubai Retail Asset LLC,"Commercial Office Building 1,",,
DUCTFAB LLC,Tel 04-3382445,,
DXB Solutions LLC,20240201 | DXB Solutions LLC | Dubai | UAE,,
Ebara Pumps Middle East FZE,Mr. Danish Email : danish.mohammed@ebara.com,,danish.mohammed@ebara.com
Eclipse Electricals LLC,20240201 | 1356 | Eclipse Electricals LLC | Dubai | UAE,,
Ectratech Trading LLC,20240201 | Ectratech Trading LLC | Dubai | UAE,,
Elegant Trading LLC,20240201 | Elegant Trading LLC | Dubai | UAE,,
Emaar Business Park,20240201 | Emaar Business Park | Dubai | UAE,,
Emarat,20240201 | Emarat | Dubai | UAE,,
Emaratech,20240201 | Emaratech | Dubai | UAE,,
Emirates International Equipments Machinery LLC,20240201 | Emirates International Equipments Machinery LLC | Dubai | UAE,,
Empire Height,20240201 | Empire Height | Dubai | UAE,,
ENOC,20240201 | ENOC | Dubai | UAE,,
Excel Middle East LLC,20240201 | Excel Middle East LLC | Dubai | UAE,,
Expert Pharmacy,20240201 | Expert Pharmacy | Dubai | UAE,,
Faaz,20240201 | Faaz | Dubai | UAE,,
Faisal Umer Transport By Heavy and Licght Truck LLC,20240201 | Faisal Umer Transport By Heavy and Licght Truck LLC | Dubai | UAE,,
Faiz Khair Transport by Heavy and Light Trucks LLC,20240201 | Faiz Khair Transport by Heavy and Light Trucks LLC | Dubai | UAE,,
Faraidooni LLC,20240201 | Faraidooni LLC | Dubai | UAE,,
Farrakh Shahzad Cargo Transport By Heavy Truck LLC,20240201 | Farrakh Shahzad Cargo Transport By Heavy Truck LLC | Dubai | UAE,,
Fast Removal Transport LLC,20240201 | Fast Removal Transport LLC | Dubai | UAE,,
FAZA  Building Materials Trading LLC,20240201 | FAZA  Building Materials Trading LLC | Dubai | UAE,,
FEDEX Express,Dubai Uae,,
Fikree Pipe LLC,20240101 | 2480 | Fikree Pipe LLC | Dubai | UAE,,
Filipino Garage,"New Sanaiyah, Umm Al Quwain",,
Fine Tech Glass & Metal Co. LLC,20240201 | Fine Tech Glass & Metal Co. LLC | Dubai | UAE,,
Fine Tools Equipment Reparing LLC,20240201 | Fine Tools Equipment Reparing LLC | Dubai | UAE,,
Finetools Trading LLC,20240201 | Finetools Trading LLC | Dubai | UAE,,
Fineway Garage,20240201 | Fineway Garage | Dubai | UAE,,
Future Link LLC,20240201 | Future Link LLC | Dubai | UAE,,
Garden VAlley Building Materials Trading LLC,20240201 | Garden VAlley Building Materials Trading LLC | Dubai | UAE,,
Garden Vally  Restaurant,20240201 | Garden Vally  Restaurant | Dubai | UAE,,
Gate Most Item 1 to 10 Aed,Email Info@gateuae.Com,,Info@gateuae.Com
Gate Way Moving Doors,20240201 | 34369 | Gate Way Moving Doors | Dubai | UAE,,
Gemini Building Materials LLC,20240201 | Gemini Building Materials LLC | Dubai | UAE,,
Ghulam Shabbir Taxi Pickup Services,20240201 | Ghulam Shabbir Taxi Pickup Services | Dubai | UAE,,
Gift City,20240201 | Gift City | Dubai | UAE,,
Global Fiber Glass FZC,20240201 | Global Fiber Glass FZC | Dubai | UAE,,
Golden Dreams,971552558400,,
Goldenway Elect.Ware Tr.LLC,Tel.042641224,,
Good Hand Stones and Concrere Flooring LLC,20240201 | Good Hand Stones and Concrere Flooring LLC | Dubai | UAE,,
Grand Hyper,20240201 | Grand Hyper | Dubai | UAE,,
Graniti Building Materials LLC,20240201 | Graniti Building Materials LLC | Dubai | UAE,,
Green Gift,20240201 | Green Gift | Dubai | UAE,,
Guangzhou ZHendong Arts & Crafts FZCO,20240201 | Guangzhou ZHendong Arts & Crafts FZCO | Dubai | UAE,,
Gujrat Traders,20240201 | Gujrat Traders | Dubai | UAE,,
Gulf Leisure BBQ General Trading LLC,E-Mail: Acconts@gulf-Leisure.Com,,Acconts@gulf-Leisure.Com
Hafele Middle East Trading LLC,20240201 | Hafele Middle East Trading LLC | Dubai | UAE,,
Haji Abdul Rahim Trading LLC,20240201 | Haji Abdul Rahim Trading LLC | Dubai | UAE,,
Hamad Rahma A.Alshasi General Trading,20240201 | Hamad Rahma A.Alshasi General Trading | Dubai | UAE,,
Hamdan Carpentry,971056529808,,
Haroon Architectural Hardware Co. LLC,20240201 | Haroon Architectural Hardware Co. LLC | Dubai | UAE,,
Hassan Abdulla Al Hannadi & Sons,20240201 | Hassan Abdulla Al Hannadi & Sons | Dubai | UAE,,
HIJAN RESTAURANT & CAFE,20240201 | HIJAN RESTAURANT & CAFE | Dubai | UAE,,
Hilite Building Materials Trading LLC,20240201 | Hilite Building Materials Trading LLC | Dubai | UAE,,
Hilite Building Materilas Trading LLC,20240201 | Hilite Building Materilas Trading LLC | Dubai | UAE,,
HIRA Industries LLC,20240201 | HIRA Industries LLC | Ajman | UAE,,
Holzcraft Machinery Trading LLC,"Ras Al Khor, Ind Area 2",,
Home Solution Building Materials Trading LLC,Homesolutionbmt@gmail.Com,,Homesolutionbmt@gmail.Com
Homesmiths,20240201 | Homesmiths | Dubai | UAE,,
Homewide,20240201 | Homewide | Dubai | UAE,,
Hussain Aluminium Co.LLC,Mob.043411752,,
Hydra Car Wash,20240201 | Hydra Car Wash | Dubai | UAE,,
Hygiene Concepts LLC,TEL 04-3395299,,
IHG Brands Lighting LLC,20240201 | IHG Brands Lighting LLC | Dubai | UAE,,
IKEA,20240201 | IKEA | Dubai | UAE,,
INDER Interior LLC,20240201 | INDER Interior LLC | Dubai | UAE,,
Inflex Hydraulic Engines & Machinery Spare Parts,97143394677,,
Integrated Trading Co. LLC,Email : Hansgrohe@itcuae.Com,,Hansgrohe@itcuae.Com
INTERGLASS CO.LLC,Tel:0971 4 2633406,,
Interlink Building Materials Trading LLC,20240201 | Interlink Building Materials Trading LLC | Dubai | UAE,,
Isam Kabbani Trading LLC,E-mail: Mustafa.Saeed@ikkgroup.com,,Mustafa.Saeed@ikkgroup.com
Ismail Liaqat Cargo Transport by Heavy Truck LLc,20240201 | Ismail Liaqat Cargo Transport by Heavy Truck LLc | Dubai | UAE,,
Istanbul Lighting Eqpt. Trading LLC,Emaad,,
Jai Electricals LLC,20240201 | Jai Electricals LLC | Dubai | UAE,,
Jasi Building Materials Trading LLC,20240201 | Jasi Building Materials Trading LLC | Dubai | UAE,,
JIFCO Trading LLC,20240201 | JIFCO Trading LLC | Dubai | UAE,,
JOGA RAM GENERAL TRADING LLC,20220101 | JOGA RAM GENERAL TRADING LLC | Dubai | UAE,,
Johns Paints Trading LLC,20240201 | Johns Paints Trading LLC | Dubai | UAE,,
Jubily Supermarket LLC,20240201 | Jubily Supermarket LLC | Dubai | UAE,,
Juliga Trading FZCO,20240201 | Juliga Trading FZCO | Dubai | UAE,,
K Fix International LLC,Al Qouz Ind. Area No 1,,
Kallegra Industries LLC,20240201 | Kallegra Industries LLC | Dubai | UAE,,
Kanz Al Madina General Trading,20240201 | Kanz Al Madina General Trading | Dubai | UAE,,
Kasturi General Trading LLC,20240201 | Kasturi General Trading LLC | Dubai | UAE,,
Khair Darbar Restaurant,20240201 | Khair Darbar Restaurant | Dubai | UAE,,
Khalid Ahmed Mohammed Auto Spare Parts LLC,"Ras Al Khor , Ind Area 1",,
Kitchen & Bath Gallery General Trading LLC,20240201 | Kitchen & Bath Gallery General Trading LLC | Dubai | UAE,,
KP MART,DUBAI UAE,,
KSK Trading LLC,20240201 | KSK Trading LLC | Dubai | UAE,,
Kuber International Trading LLC,20240201 | Kuber International Trading LLC | Dubai | UAE,,
Lamer Villa A14,Mob:,,
Lapizblue General Trading LLC,20240201 | Lapizblue General Trading LLC | Dubai | UAE,,
Laspinas Building Materials Trading LLC,20240201 | Laspinas Building Materials Trading LLC | Dubai | UAE,,
LED Corner Trading LLC,20240201 | LED Corner Trading LLC | Dubai | UAE,,
LED Domain Light Fittings Trading LLC,20240201 | LED Domain Light Fittings Trading LLC | Dubai | UAE,,
Leminar Air Conditioning Company LLC,20240201 | Leminar Air Conditioning Company LLC | Dubai | UAE,,
Lionsrock General Trading LLC,97144069745,,
Liva Insurance B.S.C,97143029800,,
Lucknow Restaurant,20240201 | Lucknow Restaurant | Dubai | UAE,,
LZ Trading FZCO,20240201 | LZ Trading FZCO | Dubai | UAE,,
M Three Building Materials Co. LLC,20240201 | M Three Building Materials Co. LLC | Dubai | UAE,,
M.A.H.Y Khoory & Co LLC,20240201 | M.A.H.Y Khoory & Co LLC | Dubai | UAE,,
Majid Bukattara Building Materials Trading LLC,20240201 | Majid Bukattara Building Materials Trading LLC | Dubai | UAE,,
MAK Power Building Material & Equipment Trading LLC,Al Qouz Industrial Area 2,,
Marhaba Garage,Jawad 056 778 4283,,
Mariam Almatbkh,Catering Equipment Trading LLC,,
MArwan Saeed Autocare,20240201 | MArwan Saeed Autocare | Dubai | UAE,,
MAS Paints & Chemicals Industry,20240201 | MAS Paints & Chemicals Industry | Dubai | UAE,,
Masafi Building Materials Trading LLC,20240201 | Masafi Building Materials Trading LLC | Dubai | UAE,,
Master Cotton & Gloves,561170753,561170753,
Matharu Carpentry,9710506597185,506597185,
Mazhar Al Madina Gen. Trading LLC,Al Qouz,,
MBM Navi Parking LLC,20240201 | MBM Navi Parking LLC | Dubai | UAE,,
MEDICINE,20240201 | MEDICINE | Dubai | UAE,,
MEDICINE EXPENCES,20240201 | MEDICINE EXPENCES | Dubai | UAE,,
Mega City Building Materials Trading LLC,20240201 | Mega City Building Materials Trading LLC | Dubai | UAE,,
Mega Paint Trading LLC,20240201 | Mega Paint Trading LLC | Dubai | UAE,,
Mega Star Resturant,20240201 | Mega Star Resturant | Dubai | UAE,,
Megsons Enterprises,20240201 | Megsons Enterprises | Dubai | UAE,,
Mena Quality Building Materials LLC,"Regal Tower, Business Bay",,
Meppro Building Materials Trading LLC,20240201 | Meppro Building Materials Trading LLC | Dubai | UAE,,
Merza Mohammed Bakery,20240201 | Merza Mohammed Bakery | Dubai | UAE,,
Metallic Equipment Hollding LLC,20240201 | Metallic Equipment Hollding LLC | Dubai | UAE,,
Metro General Trading LLC,20240101 | Metro General Trading LLC | Dubai | UAE,,
MG1-4010,Marina Gate,,
MIG Transport Heavy & Light Truck LLC,20240201 | MIG Transport Heavy & Light Truck LLC | Dubai | UAE,,
Minrwa Aluminium & Glass LLC,20240201 | Minrwa Aluminium & Glass LLC | Dubai | UAE,,
Mobile Recharge,20240201 | Mobile Recharge | Dubai | UAE,,
Mohamed Abdul Hye Air Condition Spare Parts Trading,20240201 | Mohamed Abdul Hye Air Condition Spare Parts Trading | Dubai | UAE,,
Mohamed Abdulrahim Building Materials Trading LLC,20240201 | Mohamed Abdulrahim Building Materials Trading LLC | Dubai | UAE,,
Mohamed Nasir New Auto Spare Parts LLC,20240201 | Mohamed Nasir New Auto Spare Parts LLC | Dubai | UAE,,
Mohan And Sons Trading LLC,Tel : 04-3380345,,
Mohd. Al Qama Building Materials Trdg. LLC,20240201 | Mohd. Al Qama Building Materials Trdg. LLC | Dubai | UAE,,
Mohd. Al Qama Cermics Trading LLC,20240201 | Mohd. Al Qama Cermics Trading LLC | Dubai | UAE,,
MOHD. ZAINAL FARAIDOONI LLC,"Al Khabaisi,Dubai",,
Motor Land Garage,20240201 | Motor Land Garage | Dubai | UAE,,
Muhammad Abul Qasim Goods Wholesalers LLC,20240201 | Muhammad Abul Qasim Goods Wholesalers LLC | Dubai | UAE,,
Muhammad Afgan Resturant Co LLC,20240101 | Muhammad Afgan Resturant Co LLC | Dubai | UAE,,
Muhammad Riaz Abdul Ghafoor Transport LLC,20240201 | Muhammad Riaz Abdul Ghafoor Transport LLC | Dubai | UAE,,
Muhammed Zaheer Transport By Heavy And Light Truck,Baldev-0554454609,554454609,
Munawer Hussain Auto Maint W Shop,20240201 | Munawer Hussain Auto Maint W Shop | Dubai | UAE,,
Munshi Transport,Abdul Ghafoor 050-9700696,,
Murshd Auto Spare Part Trdge,20240201 | Murshd Auto Spare Part Trdge | Dubai | UAE,,
MVP Appliances,Abu Dhabi -+97124446160,,
My Homes Building Metal Product Trading LLC,0552256010 / 0501624735,552256010,
NAD AL HAMAR PHARMACY LLC,20240201 | NAD AL HAMAR PHARMACY LLC | Dubai | UAE,,
Najmaal Musallah Pharmacy,20240201 | Najmaal Musallah Pharmacy | Dubai | UAE,,
Najmat Al Seeh,20240201 | Najmat Al Seeh | Dubai | UAE,,
Nasser Al Matrooshi Trading LLC,20240201 | Nasser Al Matrooshi Trading LLC | Dubai | UAE,,
National Parking Co Ltd,20240201 | National Parking Co Ltd | Dubai | UAE,,
Nediyathu Electrical Equipment Reparing LLC,20240201 | Nediyathu Electrical Equipment Reparing LLC | Dubai | UAE,,
Nesto Hypermarket,20240201 | Nesto Hypermarket | Dubai | UAE,,
Network International LLC,20240101 | Network International LLC,,
New Martech Airco.&Ref Spare Trading Co Llc,9710506968173,506968173,
New Qamar Al Huda Trading LLC,"Al Qouz Industrail Area 3,",,
New Royal Auto Sprae Parts Trading LLC,20240201 | New Royal Auto Sprae Parts Trading LLC | Dubai | UAE,,
New Spicy Palacerestaurant,20240201 | New Spicy Palacerestaurant | Dubai | UAE,,
NICEWAY TRADING FZCO,Al Awir Road,,
Nine Star Trading Co. LLC,20240201 | Nine Star Trading Co. LLC | Dubai | UAE,,
Noaf Interior LLC,20220101 | Noaf Interior LLC | Dubai | UAE,,
Noaf Interiors LLC,20240201 | Noaf Interiors LLC | Dubai | UAE,,
Noor Al Maqdis Hardware & Elt Tr LLC,20240201 | Noor Al Maqdis Hardware & Elt Tr LLC | Dubai | UAE,,
Noor Al Satwa Cargo Transport By Light Truck LLC,20240201 | Noor Al Satwa Cargo Transport By Light Truck LLC | Dubai | UAE,,
Noor Al Taj Foodstuff Trading CoLLC,20240201 | Noor Al Taj Foodstuff Trading CoLLC | Dubai | UAE,,
Norman Maxim Trading LLC,20240201 | Norman Maxim Trading LLC | Dubai | UAE,,
Obaid Masood Building Materials Trading LLC,20240201 | Obaid Masood Building Materials Trading LLC | Dubai | UAE,,
Obaid Masood Building Matericals Trading LLC,20240201 | Obaid Masood Building Matericals Trading LLC | Dubai | UAE,,
OD International Trading FZCO,20240201 | OD International Trading FZCO | Dubai | UAE,,
Omar Mohammed Ind. Gas Trading,Soufi 0504811654,504811654,
Orient Insurance PJSC,20240201 | Orient Insurance PJSC | Dubai | UAE,,
OV LIGHTING FZCO,20240201 | OV LIGHTING FZCO | Dubai | UAE,,
Pak Darbar Restaurant,20240201 | Pak Darbar Restaurant | Dubai | UAE,,
Pak Malabar Restaurant,20240201 | Pak Malabar Restaurant | Dubai | UAE,,
Panache Building Materials Trading LLC,Al Qouz,,
Parkonic Parking System & Management LLC,20240101 | 3685 | Parkonic Parking System & Management LLC | Dubai | UAE,,
Pathan Darbar Restaurant,20240201 | Pathan Darbar Restaurant | Dubai | UAE,,
Pearl Pool Trading LLC,20240201 | Pearl Pool Trading LLC | Dubai | UAE,,
Perfect Design Furniture Upholstery EST,20240201 | Perfect Design Furniture Upholstery EST | Dubai | UAE,,
Pickup For Rent,20240201 | Pickup For Rent | Dubai | UAE,,
Planet Eco Building Materials LLC,20240201 | 81958 | Planet Eco Building Materials LLC | Dubai | UAE,,
Power Cool Trading LLC,20240201 | Power Cool Trading LLC | Dubai | UAE,,
Prakash Pump EST,Tel : +971 37222733,,
Prakash Trading Co LLC,554394077,554394077,
Precision Electricals Co LLC,20240201 | Precision Electricals Co LLC | Abu Dhabi | UAE,,
Premier Auto Parts LLC,20240201 | Premier Auto Parts LLC | Dubai | UAE,,
Prime A/C Industries LLC,20240201 | Prime A/C Industries LLC | Dubai | UAE,,
Prime Vision Industrial GasTrading LLC,20240201 | Prime Vision Industrial GasTrading LLC | Dubai | UAE,,
Pro Shop,20240201 | Pro Shop | Dubai | UAE,,
Professional Acrylic Middle East Glass & Plastic En,20240201 | Professional Acrylic Middle East Glass & Plastic En | Dubai | UAE,,
Proteam Europa M.E LLC,20240201 | Proteam Europa M.E LLC | Dubai | UAE,,
Puranmal Restaurant,20240201 | Puranmal Restaurant | Dubai | UAE,,
Qamar Al Sahra Building Materials Trading LLC,20240201 | Qamar Al Sahra Building Materials Trading LLC | Dubai | UAE,,
Qasr Al Khair Kitchen,20240201 | Qasr Al Khair Kitchen | Dubai | UAE,,
Qcon General Trading LLC,20240201 | Qcon General Trading LLC | Dubai | UAE,,
Qubeart General Trading LLC,20240201 | Qubeart General Trading LLC | Dubai | UAE,,
Quick Ever Cleaning Services,20240201 | Quick Ever Cleaning Services | Dubai | UAE,,
Quick Heat Electricals Trading LLC,20240201 | 41218 | Quick Heat Electricals Trading LLC | Dubai | UAE,,
Raheel Transport LLC,20240201 | Raheel Transport LLC | Dubai | UAE,,
RAJ Infotech LLC,20240201 | RAJ Infotech LLC | Dubai | UAE,,
Rajan Sweets & Snacks Restarant,20240201 | Rajan Sweets & Snacks Restarant | Dubai | UAE,,
Rajasthan Restaurant LLC,20240201 | Rajasthan Restaurant LLC | Dubai | UAE,,
Raneen International Trading LLC,20240201 | Raneen International Trading LLC | Sharjah | UAE,,
RAPIDCOOL TRADING CO. LLC,20240201 | RAPIDCOOL TRADING CO. LLC | Dubai | UAE,,
Rashed Al Shamsi Transport LLC,20240201 | Rashed Al Shamsi Transport LLC | Dubai | UAE,,
Rashed Bin Darwish Technical Services LLC,20240201 | Rashed Bin Darwish Technical Services LLC | Dubai | UAE,,
Rasheed Nooh Cleaning Services,20240201 | Rasheed Nooh Cleaning Services | Dubai | UAE,,
Red Crown CArgo Transport By Heavy Truck LLC,20240201 | Red Crown CArgo Transport By Heavy Truck LLC | Dubai | UAE,,
Red Stars Car Accessories Trading Co. LLC,Mob : 050-6855483,,
Redpepper Restaurant BR,Shop No 3 SH Khalifa Bin Saeed Al Maktoum Nasaid,,
Reem Al Sahra Car Park,20240201 | Reem Al Sahra Car Park | Dubai | UAE,,
Reliance Veneer Timber Trading LLC,20240201 | 30854 | Reliance Veneer Timber Trading LLC | Dubai | UAE,,
RESCO Cargo Transport by Trucks LLC,20240201 | RESCO Cargo Transport by Trucks LLC | Dubai | UAE,,
Rhine Building Materials Tr. Co. LLC,20240201 | Rhine Building Materials Tr. Co. LLC | Dubai | UAE,,
Right Choice Equipment Trading LLC,20240201 | Right Choice Equipment Trading LLC | Dubai | UAE,,
Right Source Building Materials Trading LLC,20240201 | Right Source Building Materials Trading LLC | Dubai | UAE,,
RISALA CARPENTRY,E-Mail : Info@risalafurniture.com,,Info@risalafurniture.com
Rosso Home Trading FZCO,Tel: +971581439969,,
Royal Key Lock Repairing LLC,20240201 | Royal Key Lock Repairing LLC | Dubai | UAE,,
Royal Vision Glass Industries LLC,20240201 | Royal Vision Glass Industries LLC | Dubai | UAE,,
Royat Al Mostaqbal Car Accessories,20240201 | Royat Al Mostaqbal Car Accessories | Dubai | UAE,,
RS Building Materials Trading Co. LLC,20240201 | RS Building Materials Trading Co. LLC | Dubai | UAE,,
RTA,20240201 | RTA | Dubai | UAE,,
RTA Metro,20240201 | RTA Metro | UAE,,
RTA Parking,20240201 | RTA Parking | Dubai | UAE,,
RTA Taxis,20240201 | RTA Taxis | Dubai | UAE,,
Rubaiya Zueaid Bldg Materials Co. LLC,20240101 | 112089 | Rubaiya Zueaid Bldg Materials Co. LLC | Dubai | UAE,,
Rukn Shams Al Khan Const. Equip. Rental,20240201 | Rukn Shams Al Khan Const. Equip. Rental | Dubai | UAE,,
Rustaq Vehical Towing LLC,20240201 | Rustaq Vehical Towing LLC | Dubai | UAE,,
Sabco General Land Transport,20240201 | Sabco General Land Transport | Dubai | UAE,,
Sabco Motor Vehicle Repairing,20240201 | Sabco Motor Vehicle Repairing | Dubai | UAE,,
Sabin Plastic Industries LLC,20240201 | Sabin Plastic Industries LLC | Dubai | UAE,,
SAFARIO Trading Co. LLC,20240201 | SAFARIO Trading Co. LLC | Dubai | UAE,,
Safe Future Safety Equipment Installation Co LLC,20240201 | Safe Future Safety Equipment Installation Co LLC | Dubai | UAE,,
Saga Veneers Trading LLC,20240201 | Saga Veneers Trading LLC | Dubai | UAE,,
Saif Al Burhan Traders LLC,971565267093,,
Saifee Aluminium and Steel Trading LLC,20240201 | Saifee Aluminium and Steel Trading LLC | Dubai | UAE,,
Salik,20240201 | Salik | Dubai | UAE,,
Sallan Lighting LLC,20240201 | Sallan Lighting LLC | Dubai | UAE,,
Salsabil Building Materials LLC,97148877272,,
Samco Rental,20240201 | Samco Rental | Dubai | UAE,,
Sandeep Banth Transport LLC,20240201 | Sandeep Banth Transport LLC | Dubai | UAE,,
Sarooj Dam,Heritage Village Madha Valley,,
SAS Express Building Material Trading LLC,F:+97143467346,,
Saseen Foam & Furniture Industry LLC,20240201 | Saseen Foam & Furniture Industry LLC | Dubai | UAE,,
Scientechnic LLC,20240201 | Scientechnic LLC | Dubai | UAE,,
Seven Colors Building Materials Trading LLC,Al Ghurair Warehouse # 17,,
Shaan Global Building Material Trading LLC,Email:Sales@sgbmdxb.Ae,,Sales@sgbmdxb.Ae
Shafiq Wood Products Trading,20240201 | Shafiq Wood Products Trading | Dubai | UAE,,
Shaklan3 Supermarket,20240201 | Shaklan3 Supermarket | Dubai | UAE,,
Shams Alsurur Restaurant & Careteria LLC,20240201 | Shams Alsurur Restaurant & Careteria LLC | Dubai | UAE,,
Shams Pakistan Resturant 2024,Near Igloo Ice Cream Sharjah,,
Sharptech Equip. Main Workshop,Tel : +971545377992,,
Shree Kunj Restaurant LLC,"International City, Dubai",,
Shuaa Al Madinah Equip & Machines Tr,20240201 | Shuaa Al Madinah Equip & Machines Tr | Dubai | UAE,,
Signature Builing Materials Trading LLC,"Meprox Souq,Al Qouz 4",,
Simba Wood Industries LLc,20240201 | Simba Wood Industries LLc | Dubai | UAE,,
Simba Woods Industries LLC,E-Mail : swi.uae@kingdom.me,,swi.uae@kingdom.me
Sina Star Tyres,20240201 | Sina Star Tyres | Dubai | UAE,,
SKY ACCESS TRANSPORT L.L.C,20240201 | SKY ACCESS TRANSPORT L.L.C | Dubai | UAE,,
Skylight HVAC Trading LLC,20240201 | Skylight HVAC Trading LLC | Dubai | UAE,,
SMART LOOK CAR WASH,20240201 | SMART LOOK CAR WASH | Dubai | UAE,,
Smooth Solution Building Materials Trading LLC,20240201 | Smooth Solution Building Materials Trading LLC | Dubai | UAE,,
SO Pure Water,20240201 | SO Pure Water | Dubai | UAE,,
Sofa Master Furniture Upholstery LLC,20240201 | Sofa Master Furniture Upholstery LLC | Dubai | UAE,,
Space and Style FZE,20240201 | Space and Style FZE | Dubai | UAE,,
Speedex,20240201 | Speedex | Dubai | UAE,,
Spicy Palace Restaurant and Cafeteria,20240201 | Spicy Palace Restaurant and Cafeteria | Dubai | UAE,,
Spinneys,20240201 | Spinneys | Dubai | UAE,,
Stallion Metal Works LLC,Staimless Steel & Metal Fabrication,,
Stalwart Solution LLC,20240201 | Stalwart Solution LLC | Dubai | UAE,,
Star Baby Electronics Trading LLC,20240201 | Star Baby Electronics Trading LLC | Dubai | UAE,,
Star Line Car Washing & Cleaning,Starlinecarwash@gmail.Com,,Starlinecarwash@gmail.Com
Strom Power,971544968031,,
Sufouh Gardens Supermarket,20240101 | Sufouh Gardens Supermarket | Dubai | UAE,,
Sultan Industrial Machines Trading LLC,20240201 | Sultan Industrial Machines Trading LLC | Dubai | UAE,,
Summer King Industries LLC.,"Plot No. 1209 Jebel Ali Freezone, S3 Dubai,UAE",,
Summer Star Auto Electrical Work,20240201 | Summer Star Auto Electrical Work | Dubai | UAE,,
Sunrise Oasis Lighting L.L.C.,20240201 | 186021 | Sunrise Oasis Lighting L.L.C. | Dubai | UAE,,
Supercare Pharmacy,Al Safa,,
T S M,"Najmat Al Seeh , Near Ghantoot , Abu Dhabi",,
Taj Al Murjan Trading LLC,"Al Dhaid,Al Sajaa Ind Area Sharjah",,
Taqeef,20240201 | Taqeef | Dubai | UAE,,
Targetlink Building Material Trading LLC,Tel +971 4346488,,
Tarik Al Najah Car Park Rental & Management,20240201 | Tarik Al Najah Car Park Rental & Management | Dubai | UAE,,
Tariq Al Rawabit Building Materials Trading LLC,20240201 | Tariq Al Rawabit Building Materials Trading LLC | Dubai | UAE,,
Tariq Alnajah Car Park Rental & Management,20240201 | Tariq Alnajah Car Park Rental & Management | Dubai | UAE,,
Tasjeel,20240201 | Tasjeel | Dubai | UAE,,
TEKA Kuchentechnik UAE LLC,Email : Teka@tekauae.Ae,,Teka@tekauae.Ae
TESTHUB LABORATORIES L.L.C,Near GRM. Jebal Ali IND Area 2,,
Texryn Etrade Solution,20240201 | Texryn Etrade Solution | Kuala Lumpur | Malaysia,,
The Ceiling Fan Company LLC,20240101 | 282188 | The Ceiling Fan Company LLC | Dubai | UAE,,
Thriq Alnajah Car Park Rental & Management,20240201 | Thriq Alnajah Car Park Rental & Management | Dubai | UAE,,
Tierra Marble International LLC,20240201 | Tierra Marble International LLC | Dubai | UAE,,
Tile Line International Services LLC,20240201 | Tile Line International Services LLC | Dubai | UAE,,
Timber Craft Wood Manufacturing LLC,20240201 | Timber Craft Wood Manufacturing LLC | Dubai | UAE,,
Tipper Service M Sarwar,20240201 | Tipper Service M Sarwar | Dubai | UAE,,
Tokio Marine Nichido,20240201 | Tokio Marine Nichido | Dubai | UAE,,
Topwell International Marble TR LLC,20240101 | Topwell International Marble TR LLC | Dubai | UAE,,
Transpark,20240101 | Transpark | Dubai | UAE,,
TRIDENT APPARELS FZE,20240201 | TRIDENT APPARELS FZE | Dubai | UAE,,
TTE Production & Soluthion,Email: Contact@tte.Ae,,Contact@tte.Ae
Turab Bhai Trading CO LLC,20240201 | Turab Bhai Trading CO LLC | Dubai | UAE,,
UEG Pumps & Engines Trading & Services LLC,20240201 | UEG Pumps & Engines Trading & Services LLC | Dubai | UAE,,
Ugarit City Paints Trading,20240201 | Ugarit City Paints Trading | Dubai | UAE,,
Unique General Trading LLC,20240201 | Unique General Trading LLC | Dubai | UAE,,
UP Star Restaurant LLC,20240201 | UP Star Restaurant LLC | Dubai | UAE,,
UPC World Trading LLC,20240201 | UPC World Trading LLC | Dubai | UAE,,
Variety International Trading LLC,20240201 | Variety International Trading LLC | Dubai | UAE,,
Victory Team Grocery,20240201 | Victory Team Grocery | Dubai | UAE,,
Watch & Talk Wholesale & Retail LLC,Al Fahidi Street Bur Dubai,,
Water Bird Water Treatment Chemicals LLC,"Bld 10, Street 16D, Plot 307-0, Al Qouz Ind. Area 4",,
West Zone Fresh,20240201 | West Zone Fresh | Dubai | UAE,,
Women Carpentry Workshop,Al Satwa,,
Wood Zone Timber Trading LLC,20240201 | Wood Zone Timber Trading LLC | Dubai | UAE,,
Woodstock Trading LLC,20240201 | Woodstock Trading LLC | Dubai | UAE,,
WURTH Gulf LLC,20240201 | WURTH Gulf LLC | Dubai | UAE,,
Yaqoot Al Madina Mini Mart LLC,20240201 | Yaqoot Al Madina Mini Mart LLC | Dubai | UAE,,
Yousuf & Joseph Air Conditioning Trading LLC,20240201 | 50178 | Yousuf & Joseph Air Conditioning Trading LLC | Dubai | UAE,,
Zaiqa Alkebab Resturant,20240201 | Zaiqa Alkebab Resturant | Dubai | UAE,,
Zirkoon General Trading,20240201 | Zirkoon General Trading | Dubai | UAE,,
